{"idleness":[[3937,6.381054835251e10],[3939,9.61],[3940,15.111],[3939,16.5],[3941,17.092]],"deallocated":[[552,6.381054835251e10]],"lessThan10":[[0,6.381054835251e10]],"moreThan10":[[0,6.381054835251e10]],"preferences":[[11,6.381054835251e10],[12,5.511],[11,9.61]]}