{"idleness":[[3937,6.3810213047022e10],[3927,1.756],[3924,1.993],[3929,2.065],[3921,2.172],[3916,2.983],[3911,3.198],[3916,3.429],[3921,3.695],[3926,3.803],[3931,4.014],[3926,4.227],[3923,4.332],[3926,4.709],[3921,4.87],[3916,5.243],[3908,5.455],[3913,5.566],[3908,5.619],[3910,5.725],[3913,5.834],[3907,5.886],[3905,5.937],[3910,5.989],[3913,6.041],[3905,6.094],[3902,6.463],[3907,6.946],[3912,7.107],[3904,7.428],[3909,7.644],[3911,7.751],[3916,7.911],[3908,7.964],[3902,8.016],[3907,8.122],[3912,8.44],[3910,8.975],[3908,9.404],[3907,9.508],[3912,9.887]],"deallocated":[[552,6.3810213047022e10]],"lessThan10":[[0,6.3810213047022e10],[4,2.931],[0,3.536],[5,4.976]],"moreThan10":[[0,6.3810213047022e10]],"preferences":[[-7,6.3810213047022e10],[-9,3.695]]}