{"idleness":[[3937,6.3810213440614e10]],"deallocated":[[552,6.3810213440614e10]],"lessThan10":[[0,6.3810213440614e10]],"moreThan10":[[0,6.3810213440614e10]],"preferences":[[11,6.3810213440614e10]]}