{"idleness":[[3943,6.3810211800519e10],[3938,1.729],[3940,1.85],[3942,2.047],[3937,2.142],[3932,2.455],[3929,2.683],[3926,2.799],[3921,3.411],[3913,3.507],[3918,3.869],[3926,4.554],[3920,5.154],[3910,6.344],[3913,6.644],[3908,7.725],[3913,7.821],[3903,8.421],[3908,9.153],[3913,10.268],[3907,10.964],[3902,11.959],[3905,12.755],[3900,13.65],[3895,13.852],[3900,14.143]],"deallocated":[[703,6.3810211800519e10],[708,3.869]],"lessThan10":[[0,6.3810211800519e10],[5,2.917],[10,3.011],[16,4.554]],"moreThan10":[[0,6.3810211800519e10]],"preferences":[[-3,6.3810211800519e10],[-5,6.543],[-3,8.021],[-5,9.153],[-3,11.758]]}