{"idleness":[[3937,6.3810213520524e10],[3927,1.565],[3924,1.775],[3929,1.84],[3921,1.937],[3916,2.664],[3911,2.857],[3916,3.068],[3921,3.308],[3926,3.405],[3931,3.6],[3926,3.818],[3923,3.928],[3926,4.28],[3921,4.424],[3916,4.774],[3908,4.981]],"deallocated":[[552,6.3810213520524e10]],"lessThan10":[[0,6.3810213520524e10],[4,2.617],[0,3.164],[5,4.527]],"moreThan10":[[0,6.3810213520524e10]],"preferences":[[11,6.3810213520524e10]]}