{"idleness":[[3937,6.381054833531e10]],"deallocated":[[552,6.381054833531e10]],"lessThan10":[[0,6.381054833531e10]],"moreThan10":[[0,6.381054833531e10]],"preferences":[[11,6.381054833531e10]]}