{"idleness":[[3937,6.3810213147746e10],[3927,1.709],[3924,1.946],[3929,2.018],[3921,2.123],[3916,2.919],[3911,3.135],[3916,3.368],[3921,3.629],[3926,3.736],[3931,3.946],[3926,4.157],[3923,4.262],[3926,4.631],[3921,4.786],[3916,5.161],[3908,5.378],[3913,5.484],[3908,5.536],[3910,5.643],[3913,5.748],[3907,5.803],[3905,5.854],[3910,5.907],[3913,5.96],[3905,6.012],[3902,6.381],[3907,6.859],[3912,7.035],[3904,7.361],[3909,7.582],[3911,7.685],[3916,7.846],[3908,7.898],[3902,7.949],[3907,8.053],[3912,8.377],[3910,8.939],[3908,9.378],[3907,9.483],[3912,9.866],[3904,10.075],[3907,10.566],[3901,11.012],[3906,11.066],[3898,11.388],[3906,11.503],[3896,12.212],[3891,12.429],[3894,13.346],[3886,13.4],[3889,13.525],[3891,13.629],[3896,13.681],[3894,14.31],[3886,14.684],[3888,14.792],[3886,14.904],[3891,15.116],[3893,15.437],[3890,15.646],[3892,15.751],[3882,15.802],[3887,16.221],[3879,16.649],[3884,16.754],[3889,16.965],[3884,17.778],[3881,18.252],[3876,18.745],[3888,19.283]],"deallocated":[[552,6.3810213147746e10]],"lessThan10":[[0,6.3810213147746e10],[4,2.868],[0,3.47],[5,4.891],[6,10.13],[11,11.503],[16,13.47],[22,14.362]],"moreThan10":[[0,6.3810213147746e10]],"preferences":[[-7,6.3810213147746e10],[-9,3.629],[-11,12.587],[-9,15.116],[-7,15.751]]}