{"idleness":[[3937,6.3810548422332e10],[3939,9.766],[3940,15.215],[3939,16.595],[3941,17.206],[3944,33.162],[3946,40.009],[3948,40.664],[3951,42.217],[3948,43.601],[3951,43.955],[3948,45.0],[3946,45.151],[3951,45.417],[3953,49.066],[3948,49.628],[3946,49.872],[3948,53.972]],"deallocated":[[552,6.3810548422332e10]],"lessThan10":[[0,6.3810548422332e10]],"moreThan10":[[0,6.3810548422332e10]],"preferences":[[11,6.3810548422332e10],[12,5.648],[11,9.766]]}