{"idleness":[[3937,6.381020835108e10],[3934,3.595],[3927,5.514]],"deallocated":[[472,6.381020835108e10]],"lessThan10":[[0,6.381020835108e10]],"moreThan10":[[0,6.381020835108e10]],"preferences":[[4,6.381020835108e10]]}