{"idleness":[[3937,6.3810208986139e10],[3932,0.302],[3935,0.668],[3930,1.414],[3925,1.47],[3928,2.072],[3921,2.124],[3916,2.228],[3921,2.28],[3916,2.334],[3911,3.038],[3901,3.272],[3896,3.341],[3893,3.466],[3898,3.649],[3893,3.755],[3898,3.808],[3903,4.078],[3908,4.129],[3903,4.454],[3913,4.51],[3918,4.669],[3912,4.882],[3915,5.045],[3910,5.33],[3915,5.384],[3912,6.24],[3906,6.455],[3901,6.562],[3904,6.667],[3906,6.992],[3911,7.31],[3916,7.469],[3911,7.629],[3916,7.952],[3909,8.604],[3904,8.656],[3907,8.87],[3902,9.081],[3894,9.617],[3897,9.724],[3902,9.988],[3897,10.039],[3894,10.091],[3899,10.201],[3896,10.255],[3894,10.36],[3899,10.52],[3891,10.574],[3893,10.628],[3895,11.375],[3890,12.815],[3892,13.136],[3884,13.299],[3889,13.89],[3892,14.048]],"deallocated":[[472,6.3810208986139e10],[475,0.668]],"lessThan10":[[0,6.3810208986139e10],[5,1.594],[10,9.67],[16,10.307],[17,12.547],[12,14.748]],"moreThan10":[[0,6.3810208986139e10]],"preferences":[[4,6.3810208986139e10],[6,7.844],[8,10.414]]}