{"idleness":[[3937,6.3810206098731e10],[3934,0.025],[3927,0.052],[3919,0.101],[3911,0.102],[3901,0.106],[3893,0.119],[3885,0.119],[3875,0.12],[3870,0.127],[3863,0.138],[3858,0.143],[3848,0.168],[3842,0.177],[3832,0.177],[3829,0.182],[3821,0.189],[3813,0.426],[3803,0.463],[3793,0.575],[3785,0.591],[3778,0.605],[3770,0.614],[3763,1.02],[3748,1.236],[3746,1.51],[3736,1.735],[3726,2.548],[3723,2.752],[3713,2.777],[3703,2.943]],"deallocated":[[472,6.3810206098731e10]],"lessThan10":[[0,6.3810206098731e10]],"moreThan10":[[0,6.3810206098731e10]],"preferences":[[4,6.3810206098731e10],[6,0.177]]}