{"idleness":[[3937,6.3810207021666e10],[3934,0.02],[3927,0.044],[3919,0.074],[3911,0.074],[3901,0.091],[3893,0.101],[3885,0.101],[3875,0.102],[3870,0.108],[3863,0.117],[3858,0.121],[3848,0.136],[3842,0.143],[3832,0.143],[3829,0.146],[3821,0.149],[3813,0.26],[3803,0.285],[3793,0.36],[3785,0.372],[3778,0.384],[3770,0.391],[3763,0.686],[3748,0.817],[3746,1.051],[3736,1.26],[3726,1.996],[3723,2.165],[3713,2.181],[3703,2.325]],"deallocated":[[472,6.3810207021666e10]],"lessThan10":[[0,6.3810207021666e10]],"moreThan10":[[0,6.3810207021666e10]],"preferences":[[4,6.3810207021666e10],[6,0.143]]}