{"idleness":[[3937,6.3810206072146e10],[3934,0.02],[3927,0.046],[3919,0.079],[3911,0.079],[3901,0.084],[3893,0.096],[3885,0.096],[3875,0.096],[3870,0.103],[3863,0.114],[3858,0.118],[3848,0.135],[3842,0.143],[3832,0.143],[3829,0.146],[3821,0.149],[3813,0.297],[3803,0.325],[3793,0.41],[3785,0.424],[3778,0.436],[3770,0.444],[3763,0.771],[3748,0.918],[3746,1.152],[3736,1.361],[3726,2.049],[3723,2.218],[3713,2.241],[3703,2.403]],"deallocated":[[472,6.3810206072146e10]],"lessThan10":[[0,6.3810206072146e10]],"moreThan10":[[0,6.3810206072146e10]],"preferences":[[4,6.3810206072146e10],[6,0.143]]}